Culinary Delight,Private,25,Algiers,Downtown,Main Avenue,2021-05-15,953793656000
Savor the Flavor,Family-owned,15,Oran,Beachside,Coastal Boulevard,2019-11-28,645152561001
Spice Symphony,Chain,50,Constantine,City Center,Central Street,2020-08-10,417251112002
Mediterranean Bistro,Corporate,30,Setif,Old Town,Historic Lane,2018-03-22,672869639003
Tasty Haven,Family-owned,20,Algiers,Suburb,Residential Road,2019-07-12,953299453004
Crispy Bites,Private,10,Oran,Waterfront,Seaside Avenue,2020-04-05,645166474005
Flavor Fusion,Franchise,35,Constantine,Shopping Mall,Retail Street,2016-12-18,417818498006
Sizzling Grill,Corporate,45,Setif,City Center,Marketplace Avenue,2022-02-09,672251316007
Savorful Bistro,Private,15,Algiers,Old Town,Heritage Lane,2020-11-14,953869981008
Elite Dining,Franchise,42,Oran,Commercial Zone,Commerce Street,2017-08-03,645253406009
Spoonful Delights,Family-owned,18,Constantine,Residential Area,Tranquil Avenue,2019-04-26,417263064010
Gastronomy Galore,Corporate,55,Setif,Industrial Park,Factory Road,2018-06-07,672034156011
Savor the Flavor,Family-owned,15,Oran,Beachside,Seaside Avenue,2019-11-28,645152474012
Mediterranean Bistro,Corporate,30,Setif,Old Town,Historic Lane,2018-03-22,672869639013
Taste Oasis,Private,22,Algiers,Suburban,Suburban Bliss,2022-03-08,953950249014
Zesty Zest,Family-owned,12,Oran,Harbor,Harbor Drive,2021-07-01,645230343015
Global Gastronomy,Corporate,48,Constantine,Market District,Market Square,2019-02-14,417974201016
Epicurean Delights,Chain,38,Setif,Tourist Area,Tourist Hub,2017-04-10,672785141017
Savory Spices,Family-owned,18,Oran,Beachside,Coastal Lane,2022-07-05,645152319018
Flavorful Fusion,Chain,52,Constantine,City Center,Central Avenue,2021-09-20,417251577019
Coastal Cuisine,Corporate,35,Setif,Old Town,Historic Boulevard,2022-11-30,672869766020
Delightful Dishes,Private,20,Algiers,Suburban,Suburban Avenue,2020-06-12,953950870021
Zesty Zing,Family-owned,10,Oran,Harbor,Harbor Drive,2021-11-05,645230343022
International Eats,Corporate,50,Constantine,Market District,Marketplace Boulevard,2022-08-15,417974642023
Epicurean Escapade,Chain,42,Setif,Tourist Area,Tourist Lane,2021-03-25,672785644024
Tantalizing Tastes,Private,28,Algiers,Downtown,Central Plaza,2023-04-02,953793979025
Aromatic Aromas,Family-owned,14,Oran,Beachside,Sunset Boulevard,2022-02-08,645152673026
Exquisite Experiences,Chain,55,Constantine,City Center,Downtown Avenue,2021-07-18,417251733027
Rustic Retreat,Corporate,32,Setif,Old Town,Heritage Lane,2022-09-14,672869981028
Heavenly Bites,Private,24,Algiers,Suburban,Suburban Bliss,2020-10-30,953950249029
Flavor Fusion,Family-owned,11,Oran,Harbor,Harbor Drive,2022-01-12,645230343030
Spice Market,Corporate,49,Constantine,Market District,Marketplace Street,2022-07-27,417974848031
Epicurean Escape,Chain,39,Setif,Tourist Area,Tourist Lane,2021-09-08,672785644032
Gourmet Grub,Private,26,Algiers,Downtown,City Center Plaza,2023-07-12,953793337033
Savory Sensations,Family-owned,16,Oran,Beachside,Seaside Lane,2022-05-03,645152233034
Flavorful Finds,Chain,53,Constantine,City Center,Central Plaza,2021-11-26,417251979035
Urban Eats,Corporate,34,Setif,Old Town,Historic Avenue,2022-12-18,672869703036
Delightful Dining,Private,21,Algiers,Suburban,Suburban Lane,2021-01-15,953950142037
Zest of the Mediterranean,Family-owned,13,Oran,Harbor,Harbor View Street,2022-03-30,645230774038
Global Flavors,Corporate,47,Constantine,Market District,Marketplace Street,2022-01-05,417974848039
Epicurean Journey,Chain,37,Setif,Tourist Area,Tourist Boulevard,2021-06-20,672785180040
Flavorsome Feast,Private,29,Algiers,Downtown,Cityscape Avenue,2023-02-18,953793976041
Scrumptious Spreads,Family-owned,17,Oran,Beachside,Seaside Street,2022-08-05,645152009042
Spice Haven,Chain,51,Constantine,City Center,Central Plaza Street,2021-10-15,417251919043
Old Town Eateries,Corporate,33,Setif,Old Town,Heritage Boulevard,2022-06-08,672869069044
Gourmet Haven,Franchise,42,Annaba,Commercial District,Commerce Street,2023-05-20,376406045
Divine Delicacies,Private,23,Algiers,Suburban,Suburban Avenue,2021-02-28,953950870046
Zesty Bites,Family-owned,9,Oran,Harbor,Harbor Drive,2022-06-10,645230343047
International Flavors,Corporate,49,Constantine,Market District,Marketplace Street,2022-09-22,417974848048
Epicurean Paradise,Chain,40,Setif,Tourist Area,Tourist Lane,2021-11-15,672785644049
Flaming Fusion,Franchise,29,Annaba,Waterfront,Waterfront Boulevard,2020-10-05,237166027050
Diverse Delights,Franchise,36,Algiers,Downtown,Cityscape Boulevard,2022-04-14,953793400051
Savory Seasons,Private,25,Oran,Harbor,Harbor Street,2022-04-30,645230891052
Panoramic Palate,Corporate,43,Constantine,Market District,Market View Street,2023-03-12,417974719053
Taste Temptations,Chain,31,Setif,Tourist Area,Tourist Avenue,2022-12-05,672785012054
Flavorful Farewell,Family-owned,19,Annaba,Waterfront,Waterfront Lane,2021-07-30,237166246055
Culinary Charisma,Franchise,46,Algiers,Suburban,Suburban Boulevard,2023-01-20,953950219056
Epicurean Elegance,Private,22,Oran,Beachside,Beachside Drive,2021-05-08,645152691057
Zestful Zing,Corporate,52,Constantine,City Center,City Center Boulevard,2022-05-25,417251579058
Gastronomic Gateway,Chain,38,Setif,Old Town,Heritage Lane,2023-04-05,672869981059
Savory Sojourn,Franchise,47,Algiers,Downtown,Cityscape Lane,2023-07-30,953793289060
Flavorful Fusion,Private,28,Oran,Harbor,Harbor Avenue,2021-12-18,645230359061
Spice Symphony,Corporate,50,Constantine,Market District,Marketplace Street,2022-08-12,417974848062
Mediterranean Magic,Chain,34,Setif,Tourist Area,Tourist Boulevard,2021-10-28,672785180063
Tantalizing Tastes,Franchise,43,Algiers,Suburban,Suburban Street,2023-02-01,953950405064
Epicurean Escape,Private,24,Oran,Beachside,Beachside Boulevard,2021-06-28,645152563065
Zesty Zest,Corporate,53,Constantine,City Center,City Center Avenue,2022-04-10,417251897066
Heavenly Haven,Chain,39,Setif,Old Town,Heritage Boulevard,2023-01-15,672869069067
Dining Discovery,Franchise,48,Algiers,Downtown,Downtown Avenue,2023-08-05,953793733068
Sensational Spices,Private,26,Oran,Harbor,Harbor Lane,2022-02-28,645230154069
Global Gastronomy,Corporate,45,Constantine,Market District,Marketplace Street,2022-10-22,417974848070
Epicurean Excursion,Chain,37,Setif,Tourist Area,Tourist Avenue,2021-08-10,672785012071
Gourmet Grub,Franchise,44,Algiers,Suburban,Suburban Lane,2023-03-01,953950142072
Savory Symphony,Private,23,Oran,Beachside,Beachside Boulevard,2021-09-18,645152563073
Restaurant L’Amadeus,Franchise,20,Annaba,El Bouni,Annaba,2018-04-15,237635544074
Pizzeria Mediterraneenne,owned,21,Annaba,Sidi Achour,Annaba,2019-08-22,237291544075
L’hipponois,Franchise,20,Annaba,Rue El Kods,Annaba,2021-01-10,237937544076
Mega Pizza Saint Cloud,owned,50,Annaba,Boulevard Fellah Rachid,Annaba,2018-11-03,237769544077
LA FLAMBÉE RESTAURANT,Franchise,35,Annaba,cité reffes zahouene toche,Annaba,2017-06-18,237488544078
Resto the SELF,owned,27,Annaba,Boulevard Saouli Abdelkader,Annaba,2020-02-14,237440544079
Le Qatari,Franchise,31,Annaba,la caroube,Annaba,2019-09-28,237245544080
Restaurant La renaissance,owned,18,Annaba,Route du Cap de Garde,Annaba,2020-07-01,237193544081
Restaurant De Beau Rivage,Franchise,28,Annaba,Bd RIZZI Amor,Annaba,2018-12-12,237495544082
Sultan Corniche,Franchise,25,Annaba,Rue du Cameroun,Annaba,2022-05-08,237443544083
Restaurant Atlas,owned,47,Annaba,Menadia,Annaba,2020-11-20,237294544084
Restaurant sidi brahim,Franchise,19,Annaba,Rte Sidi Aissa,Annaba,2018-08-14,237085544085
Restaurant Tuna Al Anida,owned,55,Annaba,Rue de l'AVANT Port,Annaba,2021-10-05,237527544086
Hippon food,Franchise,16,Annaba,Rue mhafeur,Annaba,2019-04-30,237526544087
Restaurant Nassim-la Caroube,owned,21,Annaba,Rte du Cap de Garde,Annaba,2017-11-15,237099544088
Zesty Delights,Family-owned,17,Annaba,Waterfront,Waterfront Boulevard,2022-04-15,237166027089
Flavorful Finds,Family-owned,18,Annaba,Commercial District,Commerce Street,2021-11-20,237376406090
Gourmet Getaway,Family-owned,16,Annaba,Waterfront,Waterfront Avenue,2022-03-15,237166157091
Sample Restaurant,Owner,10,Oran,Oran,Oran,2023-01-01,645645233092
Plage Toche,owned,36,Annaba,Toche,Annaba,2017-03-25,237147544000
Culinary Delight,Private,25,Guelma,Central,Main Street,2021-05-15,791854228000
Savor the Flavor,Family-owned,15,Mila,Mountain View,Scenic Avenue,2019-11-28,73898908001
Spice Symphony,Chain,50,Tlemcen,City Center,Downtown Boulevard,2020-08-10,949251326002
Mediterranean Bistro,Corporate,30,Djelfa,Old Town,Historic Lane,2018-03-22,882869639003
Tasty Haven,Family-owned,20,Tebessa,Suburb,Residential Road,2019-07-12,248299453004
Crispy Bites,Private,10,Tipaza,Waterfront,Seaside Avenue,2020-04-05,418166474005
Flavor Fusion,Franchise,35,Blida,Shopping Mall,Retail Street,2016-12-18,409818498006
Sizzling Grill,Corporate,45,Saida,City Center,Marketplace Avenue,2022-02-09,157251316007
Savorful Bistro,Private,15,Medea,Old Town,Heritage Lane,2020-11-14,746869981008
Elite Dining,Franchise,42,Bechar,Commercial Zone,Commerce Street,2017-08-03,380253406009
Spoonful Delights,Family-owned,18,Guelma,Residential Area,Tranquil Avenue,2019-04-26,791263064010
Gastronomy Galore,Corporate,55,Mila,Industrial Park,Factory Road,2018-06-07,73034156011
Savor the Flavor,Family-owned,15,Tebessa,Mountain View,Scenic Avenue,2019-11-28,248898908012
Mediterranean Bistro,Corporate,30,Djelfa,Old Town,Historic Lane,2018-03-22,882869639013
Taste Oasis,Private,22,Tipaza,Suburban,Suburban Bliss,2022-03-08,418950249014
Zesty Zest,Family-owned,12,Blida,Harbor,Harbor Drive,2021-07-01,409230343015
Global Gastronomy,Corporate,48,Saida,Market District,Market Square,2019-02-14,157974201016
Epicurean Delights,Chain,38,Medea,Tourist Area,Tourist Hub,2017-04-10,746785141017
Savory Spices,Family-owned,18,Tebessa,Beachside,Coastal Lane,2022-07-05,248152319018
Flavorful Fusion,Chain,52,Djelfa,City Center,Central Avenue,2021-09-20,882251577019
Coastal Cuisine,Corporate,35,Tipaza,Old Town,Historic Boulevard,2022-11-30,418869766020
Delightful Dishes,Private,20,Guelma,Suburban,Suburban Avenue,2020-06-12,791950870021
Zesty Zing,Family-owned,10,Blida,Harbor,Harbor Drive,2021-11-05,409230343022
International Eats,Corporate,50,Saida,Market District,Marketplace Boulevard,2022-08-15,157974642023
Epicurean Escapade,Chain,42,Medea,Tourist Area,Tourist Lane,2021-03-25,746785644024
Tantalizing Tastes,Private,28,Tebessa,Downtown,Central Plaza,2023-04-02,248793979025
Aromatic Aromas,Family-owned,14,Guelma,Beachside,Sunset Boulevard,2022-02-08,791152673026
Exquisite Experiences,Chain,55,Djelfa,City Center,Downtown Avenue,2021-07-18,882251733027
Rustic Retreat,Corporate,32,Tipaza,Old Town,Heritage Lane,2022-09-14,418869981028
Heavenly Bites,Private,24,Blida,Suburban,Suburban Bliss,2020-10-30,409950249029
Flavor Fusion,Family-owned,11,Saida,Harbor,Harbor Drive,2022-01-12,157230343030
Spice Market,Corporate,49,Medea,Market District,Marketplace Street,2022-07-27,746974848031
Epicurean Escape,Chain,39,Tebessa,Tourist Area,Tourist Lane,2021-09-08,248785644032
Gourmet Grub,Private,26,Guelma,Downtown,City Center Plaza,2023-07-12,791793337033
Savory Sensations,Family-owned,16,Blida,Beachside,Seaside Lane,2022-05-03,409152233034
Flavorful Finds,Chain,53,Djelfa,City Center,Central Plaza,2021-11-26,882251979035
Urban Eats,Corporate,34,Tipaza,Old Town,Historic Avenue,2022-12-18,418869703036
Delightful Dining,Private,21,Guelma,Suburban,Suburban Lane,2021-01-15,791950142037
Zest of the Mediterranean,Family-owned,13,Saida,Harbor,Harbor View Street,2022-03-30,157230774038
Global Flavors,Corporate,47,Medea,Market District,Marketplace Street,2022-01-05,746974848039
Epicurean Journey,Chain,37,Tebessa,Tourist Area,Tourist Boulevard,2021-06-20,248785180040
Flavorsome Feast,Private,29,Guelma,Downtown,Cityscape Avenue,2023-02-18,791793976041
Scrumptious Spreads,Family-owned,17,Blida,Beachside,Seaside Street,2022-08-05,409152009042
Spice Haven,Chain,51,Djelfa,City Center,Central Plaza Street,2021-10-15,882251919043
Old Town Eateries,Corporate,33,Tipaza,Old Town,Heritage Boulevard,2022-06-08,418869069044
Gourmet Haven,Franchise,42,Annaba,Commercial District,Commerce Street,2023-05-20,237376406045
Divine Delicacies,Private,23,Guelma,Suburban,Suburban Avenue,2021-02-28,791950870046
Zesty Bites,Family-owned,9,Blida,Harbor,Harbor Drive,2022-06-10,409230343047
International Flavors,Corporate,49,Saida,Market District,Marketplace Street,2022-09-22,157974848048
Epicurean Paradise,Chain,40,Tebessa,Tourist Area,Tourist Lane,2021-11-15,248785644049
Flaming Fusion,Franchise,29,Annaba,Waterfront,Waterfront Boulevard,2020-10-05,237166027050
Diverse Delights,Franchise,36,Guelma,Downtown,Cityscape Boulevard,2022-04-14,791793400051
Savory Seasons,Private,25,Blida,Harbor,Harbor Street,2022-04-30,409230891052
Panoramic Palate,Corporate,43,Djelfa,Market District,Market View Street,2023-03-12,882974719053
Taste Temptations,Chain,31,Tebessa,Tourist Area,Tourist Avenue,2022-12-05,248785012054
Taste Haven,Corporate,29,Skikda,Beachfront,Coastal Lane,2022-09-10,680783319055
Savory Symphony,Family-owned,18,Bejaia,Hillside,Mountain View Street,2021-04-15,685707224056
Flavorful Fusion,Franchise,42,Bouira,Market District,Marketplace Boulevard,2023-01-05,867974642057
Sizzling Grill,Private,25,Boumerdes,Downtown,Central Avenue,2022-11-20,729793577058
Gourmet Getaway,Chain,38,Chlef,Old Town,Heritage Lane,2021-12-18,150869981059
Mediterranean Bistro,Corporate,30,Jijel,Seaside,Coastal Boulevard,2018-03-22,816689561060
Spice Haven,Franchise,47,Oued Souf,Commercial Zone,Commerce Street,2022-04-10,574253406061
Tantalizing Tastes,Family-owned,16,Skikda,Harbor,Harbor Drive,2022-08-05,680230343062
Savorful Bistro,Franchise,31,Bejaia,City Center,Central Plaza,2021-06-20,685251979063
Crispy Bites,Private,10,Bouira,Waterfront,Seaside Avenue,2020-04-05,867166474064
Heavenly Bites,Chain,39,Boumerdes,Residential Area,Tranquil Avenue,2019-04-26,729263064065
Gourmet Grub,Franchise,48,Chlef,Market District,Marketplace Street,2022-10-22,150974848066
Epicurean Excursion,Private,24,Jijel,Suburban,Suburban Bliss,2021-10-30,816950249067
Taste Temptations,Corporate,43,Oued Souf,Tourist Area,Tourist Lane,2022-12-05,574785644068
Zesty Zest,Franchise,29,Skikda,Harbor,Harbor View Street,2020-09-25,680230774069
Savor the Flavor,Family-owned,15,Bejaia,Beachside,Seaside Avenue,2019-11-28,685152474070
Flaming Fusion,Chain,40,Bouira,Tourist Area,Tourist Boulevard,2020-10-05,867785180071
Flavor Fusion,Franchise,35,Boumerdes,City Center,Central Plaza Street,2016-12-18,729251919072
Culinary Charisma,Private,46,Chlef,Suburban,Suburban Avenue,2023-01-20,150950870073
Sizzling Grill,Corporate,45,Jijel,Old Town,Heritage Boulevard,2022-02-09,816869069074
Gourmet Fusion,Family-owned,11,Oued Souf,Harbor,Harbor Drive,2022-01-12,574230343075
Savory Sojourn,Franchise,47,Tebessa,Tourist Area,Tourist Avenue,2023-07-30,248785012076
Flavorful Farewell,Family-owned,19,Tipaza,Waterfront,Waterfront Lane,2021-07-30,418166246077
Spice Symphony,Private,26,Blida,Harbor,Harbor Street,2022-02-28,409230891078
Zesty Zing,Chain,52,Saida,Market District,Marketplace Street,2021-11-05,157974848079
Mediterranean Magic,Corporate,34,Medea,Tourist Area,Tourist Boulevard,2021-10-28,746785180080
Tantalizing Tastes,Franchise,43,Bechar,Suburban,Suburban Street,2023-02-01,380950405081
Epicurean Paradise,Private,40,Tebessa,Old Town,Heritage Lane,2021-11-15,248869981082
Flaming Fusion,Chain,29,Tipaza,Waterfront,Waterfront Lane,2020-10-05,418166246083
Gourmet Grub,Franchise,36,Blida,Downtown,Cityscape Boulevard,2022-04-14,409793400084
Savory Sensations,Family-owned,25,Saida,Harbor,Harbor Street,2022-04-30,157230891085
Flavorful Finds,Chain,43,Medea,Market District,Market View Street,2023-03-12,746974719086
Urban Eats,Franchise,31,Bechar,Old Town,Historic Avenue,2022-12-05,380869703087
Delightful Dining,Private,26,Tebessa,Suburban,Suburban Lane,2021-01-15,248950142088
Zest of the Mediterranean,Family-owned,33,Tipaza,Harbor,Harbor View Street,2022-03-30,418230774089
Global Flavors,Chain,35,Blida,Market District,Marketplace Street,2022-01-05,409974848090
Epicurean Journey,Franchise,42,Saida,Tourist Area,Tourist Boulevard,2022-01-05,157785180091
Flavorsome Feast,Private,29,Medea,Downtown,Cityscape Avenue,2023-02-18,746793976092
Scrumptious Spreads,Family-owned,28,Bechar,Waterfront,Waterfront Street,2022-08-05,380166689093
Spice Haven,Chain,51,Tebessa,City Center,City Center Lane,2021-10-15,248251201094
Gourmet Haven,Corporate,32,Blida,Harbor,Harbor Drive,2023-01-15,409230343096
Dining Discovery,Family-owned,21,Saida,Market District,Marketplace Street,2021-01-19,157974848097
Sensational Spices,Franchise,34,Medea,Old Town,Historic Avenue,2022-02-28,746869703098
Global Gastronomy,Private,45,Bechar,Suburban,Suburban Lane,2022-10-22,380950142099
Epicurean Excursion,Chain,37,Tebessa,Waterfront,Waterfront Avenue,2021-08-10,248166157100
Gourmet Grub,Franchise,44,Tipaza,Downtown,Cityscape Lane,2023-03-01,418793289101
